{
  "export_id": "priority_json_1",
  "version": "v1.0",
  "format": "json",
  "access_tier": "priority",
  "total_conversations": 1,
  "quality_threshold": 0.7,
  "export_timestamp": "2025-08-24T13:45:30.283932",
  "file_paths": [
    "production_exports/v1.0/priority/conversations.json"
  ],
  "checksums": {
    "production_exports/v1.0/priority/conversations.json": "fe1d8ae8b0f436538bdc18bd598c475324ce949da94e1ec8ce6704c90f61a7cd"
  },
  "statistics": {
    "total_conversations": 1,
    "total_turns": 2,
    "average_turns_per_conversation": 2.0,
    "quality_statistics": {
      "average": 0.98,
      "minimum": 0.98,
      "maximum": 0.98
    },
    "source_distribution": {
      "priority": 1
    },
    "condition_distribution": {
      "anxiety": 1
    }
  }
}