{
  "export_id": "archive_csv_1",
  "version": "v1.0",
  "format": "csv",
  "access_tier": "archive",
  "total_conversations": 2,
  "quality_threshold": 0.7,
  "export_timestamp": "2025-08-24T13:45:30.295742",
  "file_paths": [
    "production_exports/v1.0/archive/conversations.csv"
  ],
  "checksums": {
    "production_exports/v1.0/archive/conversations.csv": "08a148d59651fc4719debd7af4eeb8a259a58c65d661bdb8b3f39e22fc3f7696"
  },
  "statistics": {
    "total_conversations": 2,
    "total_turns": 4,
    "average_turns_per_conversation": 2.0,
    "quality_statistics": {
      "average": 0.865,
      "minimum": 0.75,
      "maximum": 0.98
    },
    "source_distribution": {
      "priority": 1,
      "reddit": 1
    },
    "condition_distribution": {
      "anxiety": 1,
      "depression": 1
    }
  }
}