{
  "export_id": "archive_json_1",
  "version": "v1.0",
  "format": "json",
  "access_tier": "archive",
  "total_conversations": 2,
  "quality_threshold": 0.7,
  "export_timestamp": "2025-08-24T13:45:30.294271",
  "file_paths": [
    "production_exports/v1.0/archive/conversations.json"
  ],
  "checksums": {
    "production_exports/v1.0/archive/conversations.json": "528885d9b70ccfc5f1aa7f37101b315f9ebb3054fdb182266f1ae45a21578cf1"
  },
  "statistics": {
    "total_conversations": 2,
    "total_turns": 4,
    "average_turns_per_conversation": 2.0,
    "quality_statistics": {
      "average": 0.865,
      "minimum": 0.75,
      "maximum": 0.98
    },
    "source_distribution": {
      "priority": 1,
      "reddit": 1
    },
    "condition_distribution": {
      "anxiety": 1,
      "depression": 1
    }
  }
}